98,2918,2951,2971,2978,2977,2965,2959,2951,2945,2944,2943,2928,2930,2953
99,2975,2978,2967,2964,2969,2984,2992,2987,2991,2990,2977,2965,2955,2969
100,3053,3244,3403,3535,3515,3341,3087,2864,2743,2705,2731,2795,2855,2898
101,2904,2885,2858,2854,2878,2914,2946,2958,2965,2976,2967,2956,2953,2953
102,2957,2954,2946,2945,2954,2965,2966,2970,2978,2973,2958,2958,2964,2975
103,2982,2974,2959,2976,3044,3222,3424,3507,3409,3189,2993,2815,2735,2737
104,2776,2830,2870,2909,2915,2884,2862,2875,2926,2977,2997,3015,3013,3000
105,2978,2941,2911,2913,2930,2947,2956,2966,2977,2982,2979,2985,2985,2974
106,2960,2948,2949,2960,2976,3076,3274,3441,3457,3314,3087,2931,2813,2759
107,2762,2801,2853,2892,2887,2862,2857,2876,2923,2963,2983,3007,3005,2985
108,2949,2928,2927,2941,2937,2950,2966,2972,2972,2966,2960,2977,2983,2972
109,2957,2958,2994,3087,3192,3362,3458,3391,3207,2998,2851,2790,2763,2777
110,2830,2886,2918,2898,2875,2883,2907,2938,2951,2962,2977,2990,2976,2956
111,2944,2941,2940,2934,2934,2955,2972,2989,2988,2970,2964,2973,2962,2963
112,2966,2971,3009,3146,3329,3458,3464,3325,3118,2938,2835,2806,2801,2841
113,2885,2904,2886,2851,2845,2865,2883,2921,2960,2987,2995,2984,2958,2948
114,2944,2942,2934,2935,2947,2967,2968,2978,2986,2994,2993,2978,2966,2979
115,2983,2975,2967,2998,3135,3319,3424,3426,3300,3110,2933,2824,2792,2810
116,2849,2885,2892,2880,2862,2862,2887,2914,2959,2988,3001,2988,2959,2938
117,2928,2930,2939,2951,2970,2981,2970,2965,2965,2967,2968,2962,2962,2979
118,2977,2970,2964,2959,2962,2983,3045,3145,3302,3415,3388,3238,3046,2896
119,2800,2779,2813,2866,2898,2889,2851,2846,2860,2886,2914,2948,2966,2972
120,2969,2961,2958,2953,2950,2948,2955,2966,2972,2976,2972,2965,2968,2984
121,2988,2986,2988,2993,2985,2971,2959,2955,2946,2941,2968,3058,3232,3393
122,3413,3368,3203,3008,2849,2776,2790,2833,2850,2872,2888,2885,2876,2883
123,2916,2946,2977,2993,2983,2971,2974,2979,2972,2958,2957,2964,2962,2953
124,2953,2958,2967,2971,2967,2978,2992,3002,2998,2994,2996,2990,2973,2963
125,3004,3147,3277,3397,3390,3248,3046,2882,2785,2753,2775,2824,2868,2878
126,2870,2882,2914,2929,2968,3005,3013,2993,2961,2937,2940,2933,2933,2942
127,2947,2953,2965,2968,2991,3015,3023,2995,2959,2950,2959,2962,2965,2957
128,2975,3036,3189,3328,3451,3416,3239,3029,2866,2783,2750,2769,2818,2866
129,2892,2885,2873,2885,2923,2958,2972,2979,2979,2977,2972,2950,2952,2965
130,2970,2965,2959,2952,2966,2970,2960,2960,2971,2987,2995,2984,2990,2995
131,2986,2975,2976,2974,2988,3058,3232,3403,3448,3328,3106,2931,2794,2736
132,2752,2799,2844,2885,2906,2892,2875,2879,2917,2964,2986,2977,2982,2976
133,2969,2953,2950,2948,2952,2937,2942,2961,2975,2979,2973,2971,2993,2993
134,2969,2962,2965,2977,2986,2975,2995,3094,3267,3406,3400,3255,3121,2947
135,2810,2762,2779,2829,2873,2892,2908,2904,2891,2894,2925,2966,2990,2973
136,2953,2951,2965,2967,2959,2956,2977,2989,2993,2998,2995,2989,2994,2981
137,2972,2969,2968,2968,2976,3046,3151,3294,3359,3285,3124,2954,2834,2760
138,2762,2819,2886,2923,2919,2893,2894,2909,2935,2965,2986,2995,2991,2977
139,2971,2965,2959,2955,2948,2945,2951,2946,2954,2961,2971,2971,2960,2955
140,2971,2987,3007,3062,3191,3327,3361,3307,3154,2992,2877,2823,2811,2828
141,2866,2895,2896,2884,2889,2926,2969,2980,2991,3003,3013,2995,2954,2920
142,2920,2919,2929,2949,2968,2980,2985,2975,2983,2990,2998,2998,2985,2978
143,3014,3069,3200,3318,3329,3217,3046,2888,2806,2782,2797,2826,2858,2891
144,2899,2892,2911,2949,2984,2998,2992,2963,2964,2960,2946,2932,2921,2939
145,2958,2959,2986,3006,2999,2985,2980,2982,2999,3006,2999,2990,3025,3152
146,3305,3357,3332,3200,3018,2870,2790,2779,2807,2829,2842,2852,2872,2912
147,2957,2993,3019,3021,3006,2990,2967,2958,2957,2943,2928,2933,2950,2968
148,2968,2965,2978,2982,2968,2955,2952,2964,2990,3008,3113,3272,3367,3319
149,3163,2987,2880,2806,2775,2790,2832,2867,2891,2901,2902,2932,2976,3007
150,3007,2983,2962,2950,2933,2912,2893,2894,2920,2960,2996,3035,3052,3045
151,3015,2987,2975,2960,2957,2970,3009,3135,3287,3350,3349,3219,3040,2883
152,2790,2780,2818,2844,2877,2893,2902,2919,2938,2960,2974,2998,2992,2967
153,2945,2942,2954,2961,2958,2969,2990,3001,2989,2959,2947,2954,2962,2967
154,2979,3002,3092,3239,3344,3376,3277,3100,2930,2829,2804,2803,2834,2866
155,2888,2891,2887,2903,2935,2971,2992,2988,2974,2970,2980,2984,2966,2960
156,2966,2980,2987,2982,2970,2976,2972,2963,2960,2967,3001,3092,3185,3303
157,3346,3264,3098,2943,2859,2837,2847,2869,2890,2904,2901,2874,2855,2876
158,2916,2958,2967,2965,2961,2953,2944,2944,2951,2963,2975,2973,2976,2979
159,2980,2974,2956,2949,2958,2984,2993,3064,3202,3322,3325,3220,3077,2994
160,2923,2878,2861,2873,2903,2910,2883,2851,2839,2863,2911,2952,2971,2986
161,2968,2953,2943,2946,2947,2947,2944,2967,2988,2991,2985,2976,2978,2988
162,2981,2963,2954,2958,2972,2981,3010,3075,3208,3325,3321,3203,3060,2964
163,2903,2896,2909,2927,2925,2891,2849,2837,2819,2822,2855,2908,2970,3001
164,2996,2988,2980,2968,2952,2934,2927,2944,2960,2965,2969,2981,2996,2996
165,2982,2973,2971,2980,2984,2979,2975,2976,2969,2963,2959,2973,3018,3125
166,3272,3376,3378,3260,3090,2951,2880,2875,2869,2885,2895,2889,2867,2833
167,2823,2849,2891,2931,2961,2973,2982,2993,2978,2963,2947,2946,2952,2959
168,2957,2968,2972,2979,2985,2990,2989,2981,2965,2983,3008,3016,3001,2978
169,2964,2968,2965,2942,2937,2964,3048,3204,3341,3406,3335,3164,2987,2868
170,2833,2857,2870,2885,2893,2885,2861,2850,2866,2907,2960,2993,2992,2978
171,2978,2983,2961,2942,2940,2952,2965,2969,2967,2984,2981,2973,2965,2970
172,2994,3012,3002,2998,2998,2989,2976,2958,2945,2945,2946,2951,3017,3170
173,3324,3367,3267,3157,3015,2908,2851,2838,2853,2880,2887,2890,2881,2870
174,2878,2906,2932,2968,2995,2991,2969,2950,2942,2938,2921,2925,2944,2968
175,2983,2984,2988,3007,3000,2988,2978,2973,2977,2979,2982,2980,2986,2984
176,2972,2959,2957,2963,2974,3010,3131,3304,3410,3364,3199,3059,2918,2839
177,2823,2825,2854,2888,2897,2896,2868,2856,2884,2925,2956,2988,3000,2987
178,2954,2929,2924,2936,2931,2940,2950,2967,2981,2976,2962,2971,2977,2983
179,2987,2994,2998,3007,3002,2986,2992,2996,2995,2974,2948,2939,2944,2956
180,3023,3189,3368,3436,3331,3202,3022,2881,2806,2787,2814,2858,2881,2881
181,2864,2852,2864,2894,2930,2968,3003,3008,2989,2966,2956,2954,2942,2940
182,2947,2967,2982,2984,2982,2980,2992,2973,2952,2947,2962,2985,3009,3008
183,3008,3025,3029,3005,2961,2926,2917,2916,2996,3192,3398,3470,3362,3225
184,3025,2858,2764,2751,2793,2841,2868,2881,2869,2860,2879,2918,2956,2986
185,3009,3011,2997,2974,2963,2946,2920,2908,2922,2946,2971,2980,2981,2979
186,2983,2959,2943,2955,2986,3005,3004,2986,2975,2977,2984,2980,3007,3134
187,3275,3430,3458,3325,3112,2920,2793,2728,2731,2778,2825,2857,2872,2879
188,2885,2897,2935,2976,3001,2996,2981,2977,2982,2960,2930,2917,2930,2956
189,2978,2974,2983,2992,2992,2986,2976,2964,2977,2980,2982,2980,3035,3188
190,3357,3439,3409,3251,3038,2864,2770,2733,2739,2775,2816,2850,2878,2907
191,2943,2963,3001,3026,3017,3001,2982,2956,2944,2926,2912,2920,2943,2962
192,2965,2960,2976,2996,2997,2997,2994,2991,2977,2950,2942,2954,3013,3162
193,3373,3489,3512,3363,3112,2873,2735,2713,2754,2788,2851,2899,2911,2904
194,2902,2923,2962,2993,2997,2986,2971,2956,2948,2930,2930,2939,2949,2952
195,2944,2953,2968,2971,2980,2992,2994,2989,2988,2982,2989,2981,2966,2965
196,3036,3225,3427,3518,3458,3271,3048,2882,2796,2775,2796,2832,2863,2874
197,2866,2858,2862,2859,2892,2939,2975,2977,2967,2958,2965,2949,2933,2929
198,2928,2941,2947,2936,2950,2973,2993,3004,3006,2999,2990,2976,2965,2967
199,2979,3010,3126,3328,3480,3541,3430,3204,2956,2789,2736,2720,2758,2811
200,2849,2869,2874,2876,2900,2932,2959,2972,2979,2987,2983,2959,2943,2940
201,2947,2946,2936,2926,2942,2953,2954,2960,2971,2981,2996,2985,2979,2968
202,2952,2925,2898,2906,3026,3175,3407,3547,3492,3295,3047,2849,2748,2733
203,2764,2813,2857,2883,2888,2877,2874,2901,2949,2991,3005,2988,2988,2980
204,2970,2959,2945,2938,2950,2942,2942,2944,2959,2975,2981,2978,2992,2980
205,2967,2965,2966,2980,3046,3209,3344,3445,3402,3227,3011,2846,2784,2769
206,2781,2807,2841,2872,2898,2917,2938,2975,2990,2986,2968,2962,2964,2952
207,2936,2929,2942,2972,2985,2979,2984,2984,2981,2981,2981,2986,2992,2977
208,2964,2962,2974,2975,2971,2975,3013,3122,3276,3360,3312,3158,2979,2850
209,2776,2777,2810,2845,2878,2887,2891,2902,2922,2958,2986,2989,2977,2952
210,2932,2929,2928,2932,2932,2936,2942,2942,2940,2951,2981,3009,3015,3004
211,2999,2997,3002,2991,2967,2940,2940,2947,3025,3202,3389,3442,3327,3113
212,2914,2806,2749,2744,2772,2819,2856,2880,2888,2926,2963,2985,2998,2996
213,2985,2985,2961,2939,2934,2934,2940,2946,2946,2947,2953,2971,2980,2987
214,2992,2994,2980,2963,2960,2970,2980,2973,2968,2977,3047,3209,3368,3414
215,3313,3177,2973,2808,2737,2744,2786,2826,2857,2891,2900,2916,2950,3002
216,3032,3030,2997,2970,2958,2943,2924,2908,2916,2941,2953,2948,2948,2971
217,2995,2999,2989,2991,3001,2999,2981,2955,2943,2943,2940,2949,3012,3169
218,3348,3416,3404,3271,3077,2903,2780,2728,2743,2790,2812,2850,2901,2952
219,2986,3008,3014,3022,3000,2969,2934,2924,2932,2950,2946,2957,2972,2982
220,2987,2977,2968,2982,2987,2987,2996,3010,3042,3061,3054,3043,3019,3022
221,3103,3240,3325,3344,3234,3052,2891,2801,2771,2784,2829,2878,2913,2934
222,2944,2953,2971,2991,2979,2948,2925,2918,2917,2909,2905,2922,2932,2933
223,2941,2960,2980,2998,2993,3001,3002,3001,2988,2974,2969,2988,2988,2978
224,2987,3042,3183,3348,3429,3398,3250,3055,2889,2794,2779,2800,2832,2869
225,2895,2898,2896,2916,2946,2980,3006,2999,2979,2958,2947,2951,2944,2941
226,2951,2966,2974,2964,2953,2967,2967,2964,2970,2968,2970,2970,2949,2942
227,2959,2978,2991,3015,3119,3240,3362,3375,3266,3095,2946,2853,2797,2803
228,2847,2890,2903,2887,2871,2886,2907,2925,2942,2961,2968,2975,2972,2978
229,2987,2975,2953,2933,2927,2945,2946,2935,2922,2934,2954,2982,2998,3016
230,3016,3003,2982,2964,2962,2981,2978,2998,3107,3275,3393,3365,3217,3095
231,2945,2838,2799,2811,2838,2865,2859,2858,2875,2907,2939,2952,2947,2953
232,2965,2976,2976,2977,2971,2967,2967,2971,2973,2969,2968,2970,2977,2991
233,2991,2986,2978,2978,2985,2988,2981,2989,2988,2988,3050,3187,3304,3319
234,3264,3131,2992,2891,2842,2830,2836,2862,2878,2866,2846,2855,2904,2957
235,2996,3008,3015,3005,2993,2979,2972,2969,2971,2965,2947,2938,2946,2957
236,2958,2958,2965,2969,2970,2972,2965,2970,2967,2961,2961,2973,3017,3131
237,3275,3372,3377,3265,3088,2932,2848,2832,2821,2837,2864,2883,2887,2886
238,2907,2945,2983,2993,2981,2962,2950,2955,2953,2937,2937,2951,2963,2969
239,2969,2978,2993,2985,2973,2978,2988,2988,2981,2971,2978,2993,2997,2989
240,2978,2996,3037,3161,3301,3337,3251,3103,2943,2848,2802,2801,2828,2859
241,2885,2887,2871,2864,2899,2946,2989,3003,2985,2959,2958,2952,2940,2937
242,2940,2949,2967,2967,2988,3006,2998,2984,2979,2979,2988,2979,2968,2962
243,2969,2970,2970,2961,2970,2985,3040,3168,3314,3373,3355,3209,3027,2892
244,2829,2826,2844,2862,2891,2911,2891,2867,2873,2913,2939,2955,2970,2985
245,2986,2972,2962,2958,2973,2975,2962,2946,2946,2962,2974,2968,2972,2980
246,2988,2987,2979,2975,2982,2972,2957,2955,2974,2986,2999,3015,3131,3305
247,3405,3342,3161,2965,2846,2772,2758,2785,2841,2884,2903,2903,2907,2928
248,2951,2963,2972,2968,2978,2971,2969,2963,2953,2953,2946,2947,2971,2980
249,2981,2981,2973,2964,2974,2973,2988,3003,3001,2976,2954,2941,2954,2961
250,2970,3031,3192,3362,3418,3380,3233,3041,2877,2786,2772,2802,2839,2876
251,2897,2891,2895,2920,2944,2958,2984,2997,2982,2965,2943,2934,2944,2939
252,2933,2942,2954,2970,2978,2974,2986,2992,2982,2975,2981,2989,3001,2989
253,2974,2972,2977,2978,2982,3078,3214,3391,3455,3361,3167,2971,2840,2758
254,2750,2792,2837,2876,2891,2877,2877,2877,2889,2915,2962,2995,3001,2987
255,2979,2978,2969,2942,2923,2928,2956,2969,2975,2977,2988,3000,2999,2996
256,3013,3028,3008,2981,2962,2953,2948,2930,2948,3070,3269,3412,3399,3242
257,3104,2932,2807,2765,2785,2832,2873,2883,2894,2891,2884,2888,2910,2946
258,2977,2997,2986,2962,2946,2953,2966,2962,2959,2971,2985,2990,2985,2966
259,2960,2957,2958,2966,2987,3001,2993,2969,2968,2972,2973,2990,3093,3273
260,3420,3461,3354,3166,2977,2844,2780,2778,2811,2859,2885,2886,2872,2864
261,2882,2888,2926,2969,2985,2987,2983,2961,2946,2943,2936,2946,2960,2971
262,2984,2992,2991,2993,2990,2980,2967,2968,2975,2975,2969,2971,2981,2986
263,2983,3001,3059,3220,3386,3427,3313,3112,2928,2808,2752,2771,2823,2880
264,2910,2902,2903,2893,2887,2888,2912,2949,2984,2992,2977,2967,2962,2955
265,2943,2936,2947,2970,2974,2965,2965,2980,2995,2994,2990,3003,3018,3015
266,2988,2966,2952,2946,2940,2938,2970,3088,3270,3405,3453,3365,3180,2976
267,2824,2766,2785,2814,2859,2889,2901,2902,2888,2878,2893,2927,2965,2984
268,2984,2978,2977,2980,2967,2962,2951,2944,2951,2963,2975,2993,2992,2973
269,2950,2952,2973,2994,2992,2993,2987,2965,2948,2954,2972,2987,3028,3162
270,3330,3423,3363,3177,3016,2874,2800,2781,2791,2823,2876,2901,2898,2888
271,2895,2932,2962,2978,2982,3002,2992,2956,2927,2919,2925,2934,2922,2924
272,2948,2977,3000,3007,3005,3021,3011,2993,2976,2972,2975,2973,2955,2949
273,2944,2929,2922,2936,2996,3091,3264,3408,3412,3277,3080,2903,2794,2759
274,2781,2821,2866,2891,2900,2907,2909,2933,2969,2990,2989,2967,2943,2946
275,2934,2913,2904,2910,2929,2955,2960,2980,3004,3021,3016,3003,2994,3003
276,2996,2984,2975,2969,2967,2962,2944,2942,2952,2987,3095,3270,3402,3460
277,3364,3158,2933,2790,2740,2742,2752,2798,2846,2877,2901,2936,2977,3010
278,3014,3013,3004,2987,2964,2951,2949,2965,2977,2973,2956,2949,2967,2981
279,2973,2985,3001,3002,2995,2981,2966,2976,2972,2967,2968,3031,3191,3355
280,3422,3375,3219,3019,2856,2755,2733,2759,2804,2840,2858,2884,2926,2969
281,2986,3015,3021,3012,2986,2960,2940,2941,2935,2940,2951,2973,2984,2984
282,2972,2976,2986,2987,2978,2965,2953,2954,2946,2973,3069,3237,3378,3384
283,3255,3131,2959,2821,2761,2764,2813,2878,2901,2905,2904,2907,2930,2966
284,2990,3016,3007,2983,2959,2943,2942,2946,2941,2941,2965,2989,2984,2973
285,2966,2974,2978,2974,2968,2978,2986,2993,3029,3101,3243,3357,3351,3218
286,3047,2913,2826,2797,2814,2852,2888,2905,2892,2890,2891,2917,2942,2957
287,2970,2970,2949,2940,2948,2969,2971,2959,2958,2954,2957,2945,2946,2971
288,2993,3007,3010,3001,2992,2983,2963,2947,2959,3046,3149,3284,3346,3289
289,3146,3001,2893,2844,2858,2893,2912,2909,2894,2865,2838,2840,2871,2922
290,2968,2983,2973,2978,2981,2964,2940,2928,2930,2948,2953,2973,2987,2994
291,2990,2978,2965,2960,2971,2965,2960,2973,2987,2995,3004,3006,3068,3194
292,3313,3336,3245,3095,2984,2892,2847,2845,2878,2914,2921,2913,2889,2876
293,2880,2901,2928,2959,2969,2963,2955,2958,2964,2962,2950,2947,2951,2962
294,2966,2957,2953,2969,2990,2982,2979,2986,3001,3001,2993,2974,2977,2965
295,2949,2947,2955,2986,3058,3133,3263,3343,3305,3175,3023,2918,2873,2846
296,2841,2864,2891,2894,2869,2843,2849,2885,2923,2946,2958,2972,2977,2971
297,2955,2949,2950,2957,2967,2979,2995,3002,2997,2978,2965,2959,2964,2951
298,2953,2974,2997,2998,2987,2972,2979,2970,2970,2976,2986,2991,3009,3035
299,3154,3295,3346,3270,3114,2965,2884,2839,2822,2829,2869,2909,2913,2898
300,2898,2920,2955,2978,2976,2967,2968,2953,2936,2926,2919,2923,2924,2926
301,2947,2964,2971,2980,2982,2984,2987,2970,2957,2962,2984,3004,3005,2995
302,3003,2985,2969,2958,2955,2956,2974,2983,3067,3226,3358,3354,3225,3057
303,2954,2870,2827,2828,2861,2893,2909,2897,2885,2879,2894,2921,2939,2959
304,2981,2984,2973,2958,2955,2966,2972,2960,2965,2973,2972,2959,2941,2936
305,2959,2966,2980,2988,2989,3002,2993,2977,2990,2999,2990,2966,2954,2963
306,2983,2973,2976,2999,3085,3226,3339,3334,3289,3144,2970,2837,2781,2799
307,2847,2869,2893,2897,2886,2886,2903,2949,2992,3013,3009,2996,2981,2968
308,2965,2956,2955,2952,2951,2950,2959,2967,2984,2988,2984,2977,2977,2986
309,2997,2995,3007,3001,2977,2954,2952,2963,2966,2954,2964,3039,3203,3364
310,3402,3295,3183,3007,2854,2762,2748,2796,2867,2900,2930,2934,2914,2902
311,2907,2928,2964,2985,2985,2976,2967,2974,2973,2952,2943,2944,2953,2961
312,2968,2972,2982,2978,2966,2975,2988,3000,3003,2997,3008,3009,2988,2963
313,2949,2937,2947,2947,3000,3155,3337,3432,3361,3176,3032,2891,2810,2786
314,2805,2830,2858,2891,2904,2913,2905,2903,2926,2950,2969,2983,2982,2975
315,2963,2951,2945,2945,2944,2955,2975,2982,2971,2960,2968,2973,2969,2969
316,2979,2991,2994,2988,2987,2976,2969,2964,2961,2959,2971,2973,3017,3161
317,3357,3478,3416,3214,3048,2881,2778,2742,2768,2821,2868,2901,2900,2902
318,2898,2905,2919,2940,2964,2986,2991,2971,2951,2945,2947,2948,2943,2958
319,2979,2984,2969,2965,2965,2969,2969,2971,2989,3000,3011,3011,3008,3003
320,2993,2973,2961,2956,2951,2942,2954,3052,3244,3424,3455,3326,3107,2949
321,2802,2717,2710,2758,2824,2883,2902,2909,2909,2910,2935,2970,2992,3011
322,2993,2969,2961,2953,2948,2948,2937,2943,2960,2969,2965,2958,2970,2992
323,3001,3000,2991,2989,2987,2989,2988,2990,2982,2959,2945,2950,3010,3171
324,3308,3440,3453,3315,3095,2882,2749,2709,2725,2773,2831,2878,2902,2915
325,2906,2928,2966,3001,3008,2981,2950,2950,2939,2931,2929,2940,2955,2963
326,2951,2959,2972,2980,2987,2993,2991,3005,3001,2988,2985,2986,2986,2978
327,2967,2975,3011,3110,3283,3425,3428,3287,3129,2935,2800,2749,2758,2788
328,2824,2868,2905,2910,2890,2891,2928,2965,2965,2963,2979,2988,2982,2967
329,2947,2952,2945,2938,2941,2945,2963,2979,2971,2981,2982,2989,2995,2981
330,2964,2976,2974,2967,2973,2996,3041,3173,3343,3450,3453,3316,3090,2883
331,2771,2753,2755,2793,2841,2879,2901,2903,2896,2911,2937,2965,2974,2970
332,2964,2962,2948,2946,2953,2965,2966,2957,2947,2963,2980,2984,2977,2975
333,2978,2990,2978,2976,2977,2974,2969,2967,2973,3008,3097,3255,3380,3386
334,3264,3079,2909,2806,2776,2802,2833,2857,2874,2881,2875,2865,2884,2921
335,2964,2996,2998,3001,2998,2981,2956,2943,2942,2941,2931,2934,2948,2972
336,2994,3008,3002,3008,3004,2987,2966,2964,2961,2966,2957,2998,3141,3311
337,3375,3294,3126,2954,2857,2798,2789,2821,2869,2907,2916,2906,2907,2922
338,2944,2969,2972,2971,2965,2936,2918,2920,2938,2962,2975,2984,2987,2986
339,2976,2963,2974,2989,2992,2985,2983,2979,2976,2973,2969,2980,2996,3065
340,3198,3308,3325,3242,3132,2993,2893,2846,2849,2866,2881,2886,2892,2863
341,2850,2876,2923,2963,2988,2991,2997,3000,2986,2949,2926,2926,2943,2952
342,2964,2959,2953,2975,2998,3004,3001,2985,2971,2965,2964,2965,2966,2966
343,2998,3100,3251,3345,3317,3250,3114,2979,2885,2847,2858,2896,2921,2911
344,2898,2874,2860,2877,2911,2947,2986,2987,2957,2936,2944,2949,2956,2946
345,2949,2953,2950,2951,2963,2975,2989,2983,2972,2968,2968,2967,2972,2969
346,2973,2988,2998,3008,3046,3154,3255,3337,3320,3205,3055,2947,2892,2870
347,2873,2887,2895,2898,2887,2867,2875,2880,2916,2954,2974,2966,2947,2942
348,2961,2958,2941,2931,2938,2959,2977,2969,2974,2978,2980,2979,2978,2976
349,2988,2986,2973,2964,2967,2969,2967,2959,2979,3034,3151,3283,3330,3274
350,3197,3043,2915,2857,2847,2873,2897,2896,2907,2910,2900,2885,2890,2913
351,2935,2935,2946,2958,2975,2978,2970,2961,2973,2976,2972,2976,2978,2981
352,2990,2978,2979,2985,2988,2988,2978,2972,2984,2977,2961,2959,2976,3051
353,3188,3284,3337,3284,3147,2991,2879,2838,2841,2847,2868,2896,2904,2884
354,2879,2902,2937,2978,3000,3005,2993,2971,2946,2923,2926,2938,2943,2956
355,2972,2968,2981,2993,2992,2983,2986,2993,2994,2978,2963,2957,2968,2992
356,3065,3187,3294,3339,3266,3122,2977,2889,2865,2846,2868,2909,2943,2937
357,2898,2862,2863,2882,2913,2946,2966,2972,2968,2951,2943,2945,2949,2960
358,2970,2978,2985,2979,2959,2959,2971,2986,2991,2981,2978,2974,2978,2972
359,2968,2989,3080,3168,3292,3356,3299,3147,2997,2893,2856,2853,2858,2873
360,2886,2899,2889,2871,2858,2885,2926,2959,2971,2969,2965,2965,2947,2935
361,2933,2943,2955,2965,2967,2982,3002,3011,3001,2991,2990,2983,2960,2945
362,2942,2962,2987,2991,3004,3034,3109,3243,3342,3327,3214,3091,2943,2847
363,2820,2837,2861,2878,2906,2918,2906,2886,2873,2896,2943,2978,2979,2983
364,2976,2962,2959,2947,2946,2959,2957,2946,2945,2962,2980,2984,2979,2988
365,3000,2999,2987,2973,2969,2977,2979,2968,2968,2975,2989,3026,3090,3243
366,3382,3384,3259,3076,2911,2808,2760,2774,2830,2891,2916,2897,2860,2859
367,2878,2912,2951,2977,2987,2984,2959,2948,2948,2958,2957,2955,2952,2966
368,2963,2956,2967,2990,3012,3017,2999,2987,2984,2974,2967,2967,2969,2975
369,2969,2964,2959,2971,3058,3234,3368,3444,3375,3185,2969,2809,2742,2728
370,2770,2834,2894,2912,2909,2903,2921,2964,2996,2998,2982,2968,2963,2963
371,2940,2930,2940,2952,2962,2962,2961,2980,2992,2989,2977,2981,2998,2998
372,2981,2988,2997,2990,2978,2966,2952,2954,2948,2963,3035,3198,3377,3439
373,3403,3238,3031,2861,2769,2755,2789,2839,2866,2880,2876,2881,2897,2930
374,2954,2983,3003,3008,2993,2970,2957,2948,2927,2924,2936,2954,2968,2969
375,2968,2983,2995,2985,2975,2984,2998,2998,2977,2977,2989,2993,2982,2957
376,2941,2963,3032,3190,3381,3467,3379,3175,2993,2836,2757,2743,2764,2807
377,2862,2904,2919,2913,2919,2944,2974,2989,2987,2991,2988,2974,2943,2920
378,2902,2891,2874,2883,2916,2953,2983,2997,3003,3019,3021,3012,2999,2992
379,2993,2998,2977,2962,2951,2949,2937,2936,2981,3079,3273,3451,3481,3349
380,3116,2903,2771,2712,2735,2795,2846,2881,2904,2908,2898,2888,2913,2950
381,2975,2992,2992,2995,2985,2961,2934,2917,2923,2947,2954,2957,2971,2996
382,3014,3012,3001,3005,3001,2996,2994,2981,2959,2942,2918,2914,2929,2954
383,3025,3191,3386,3512,3490,3306,3057,2853,2750,2738,2783,2819,2866,2898
384,2901,2898,2914,2946,2970,2971,2971,2975,2962,2954,2957,2963,2966,2960
385,2947,2936,2942,2964,2973,2977,2987,2994,3001,2999,2992,2998,3001,2987
386,2970,2952,2945,2963,2976,3055,3240,3423,3467,3345,3119,2891,2761,2691
387,2693,2745,2813,2861,2884,2882,2894,2940,2989,3017,3016,3002,2993,2959
388,2933,2924,2934,2943,2947,2950,2963,2970,2975,2977,2980,2991,2999,2989
389,2982,2978,2979,2981,2971,2970,3003,3115,3293,3412,3390,3236,3028,2860
390,2741,2712,2747,2798,2841,2862,2883,2897,2933,2964,2992,3017,3023,3000
391,2976,2960,2946,2935,2932,2939,2956,2956,2965,2977,2994,3011,3008,2991
392,2987,2989,2983,2964,2944,2953,2988,3107,3286,3405,3374,3216,3010,2872
393,2788,2763,2780,2814,2848,2876,2891,2882,2894,2940,2986,3013,3004,2983
394,2989,2981,2963,2951,2943,2940,2949,2942,2960,2975,2984,2985,2970,2954
395,2962,2968,2966,2970,2978,2993,3047,3116,3266,3388,3371,3237,3057,2892
396,2805,2766,2783,2828,2876,2905,2904,2888,2891,2908,2932,2959,2971,2967
397,2960,2941,2926,2926,2938,2965,2982,2973,2988,2998,2988,2978,2979,2984
398,2993,2978,2965,2966,2978,2989,2995,3015,3078,3209,3329,3346,3250,3094
399,2954,2857,2828,2840,2867,2890,2897,2878,2871,2854,2864,2898,2934,2967
400,2987,2987,2986,2970,2954,2955,2951,2947,2952,2949,2953,2953,2963,2973
401,2980,2985,3001,3003,2992,2972,2953,2951,2970,2971,3018,3139,3287,3351
402,3276,3118,3006,2907,2866,2858,2869,2894,2909,2886,2855,2850,2878,2914
403,2955,2979,2987,2994,2975,2951,2950,2952,2950,2952,2967,2987,2997,2979
404,2961,2946,2943,2943,2949,2962,2975,2991,2992,2986,2991,3004,2998,2989
405,3031,3161,3307,3370,3320,3180,3031,2915,2857,2852,2878,2908,2909,2891
406,2859,2843,2865,2875,2913,2954,2984,2992,2981,2961,2953,2959,2948,2926
407,2926,2951,2979,2983,2975,2982,2986,2994,2995,2986,2978,2974,2961,2956
408,2969,2987,3005,3055,3128,3248,3315,3262,3134,2992,2906,2860,2855,2872
409,2895,2916,2907,2877,2873,2884,2910,2938,2960,2973,2980,2986,2964,2956
410,2956,2960,2959,2949,2949,2964,2966,2960,2967,2973,2973,2974,2970,2983
411,3002,3007,2983,2960,2954,2965,2993,3084,3222,3315,3297,3190,3090,2988
412,2916,2867,2850,2853,2880,2895,2888,2860,2850,2869,2907,2939,2973,3000
413,3007,2988,2969,2950,2941,2950,2946,2960,2982,2995,2991,2971,2953,2966
414,2978,2980,2992,2995,2993,2979,2960,2969,2985,3014,3088,3206,3283,3307
415,3235,3110,2980,2894,2866,2866,2868,2890,2902,2890,2870,2863,2887,2912
416,2944,2962,2981,2993,2975,2950,2938,2948,2954,2959,2967,2967,2978,2988
417,2976,2978,2989,2999,2997,2984,2965,2973,2969,2957,2957,2996,3116,3267
418,3343,3331,3225,3073,2951,2885,2857,2860,2869,2876,2888,2892,2881,2878
419,2882,2916,2952,2974,2983,2976,2961,2951,2935,2932,2948,2969,2987,2995
420,2983,2992,2996,2983,2978,2973,2973,2981,2965,2953,2951,2962,2983,3038
421,3161,3284,3370,3327,3185,3029,2909,2849,2813,2825,2868,2909,2914,2884
422,2854,2855,2869,2906,2955,2991,3000,2991,2969,2963,2971,2973,2959,2936
423,2937,2957,2962,2963,2978,2989,2992,2994,2988,2996,3002,2979,2952,2948
424,2960,2990,3010,3104,3252,3361,3345,3212,3029,2911,2820,2790,2810,2851
425,2899,2926,2915,2895,2885,2903,2936,2952,2956,2971,2964,2951,2936,2938
426,2957,2973,2981,2983,2984,2978,2969,2965,2970,2984,2983,2979,2984,2990
427,2990,2988,2976,2972,2961,2959,2964,3015,3158,3329,3422,3402,3263,3077
428,2914,2812,2776,2787,2824,2864,2883,2873,2874,2906,2917,2945,2981,3003
429,2999,2976,2948,2946,2948,2945,2946,2947,2959,2977,2987,2981,2988,2992
430,2987,2984,2979,2981,2982,2964,2949,2960,2973,2985,3002,3042,3178,3347
431,3419,3350,3169,2961,2817,2726,2719,2772,2825,2862,2869,2882,2896,2918
432,2945,2969,2988,2999,2980,2961,2957,2966,2974,2971,2953,2941,2954,2966
433,2963,2966,2974,2987,3000,3000,3011,3004,2988,2975,2961,2954,2962,2988
434,3106,3299,3441,3422,3258,3101,2923,2794,2736,2737,2783,2839,2873,2884
435,2878,2879,2911,2941,2967,2993,3011,3010,2995,2968,2949,2940,2927,2922
436,2933,2956,2975,2977,2972,2970,2990,3000,2989,2977,2979,2980,2980,2962
437,2960,2963,2980,3066,3249,3438,3540,3467,3257,3011,2837,2754,2740,2745
438,2795,2852,2888,2886,2874,2880,2901,2934,2967,2991,2994,2985,2964,2952
439,2952,2943,2930,2926,2945,2971,2995,2985,2970,2970,2979,2991,2995,2994
440,3009,3005,2982,2967,2966,2969,2994,3020,3161,3363,3490,3431,3226,2987
441,2843,2737,2693,2721,2791,2849,2876,2874,2883,2900,2923,2956,2985,2995
442,2997,2975,2945,2939,2947,2956,2939,2921,2934,2963,2975,2978,2981,2983
443,2992,2982,2982,2988,2992,3001,2996,2978,2985,2975,2962,2998,3143,3358
444,3499,3510,3361,3124,2897,2758,2709,2725,2773,2828,2858,2868,2874,2907
445,2946,2958,2985,3010,3014,2992,2960,2939,2938,2919,2914,2939,2969,2985
446,2982,2973,2982,2999,3000,2991,2972,2959,2962,2956,2957,2951,2962,2985
447,3064,3241,3406,3526,3466,3267,3026,2833,2737,2682,2702,2763,2823,2863
448,2873,2892,2933,2969,2982,2983,2991,2993,2984,2958,2952,2955,2948,2942
449,2944,2951,2966,2963,2963,2966,2968,2976,2992,2993,2997,3002,3002,2979
450,2951,2967,3094,3232,3409,3471,3371,3177,2967,2813,2745,2742,2780,2822
451,2855,2871,2883,2876,2885,2923,2966,2989,2985,2973,2980,2972,2950,2925
452,2923,2928,2941,2936,2948,2963,2983,2990,2991,2983,2979,2985,2983,2973
453,2968,2966,2966,2977,3005,3142,3345,3474,3424,3247,3034,2881,2765,2736
454,2773,2827,2867,2881,2888,2886,2891,2903,2923,2958,2989,2997,2982,2968
455,2958,2948,2936,2921,2925,2940,2958,2964,2967,2972,2988,3007,2996,2995
456,3001,2991,2972,2949,2944,2959,2969,2982,3076,3261,3423,3435,3369,3202
457,3016,2872,2789,2774,2807,2842,2862,2864,2858,2872,2900,2935,2960,2990
458,2991,2967,2951,2946,2946,2940,2937,2944,2960,2970,2968,2969,2978,2988
459,2988,2972,2957,2961,2995,3016,3007,2997,2987,2979,2966,2965,3003,3089
460,3253,3389,3387,3261,3083,2917,2807,2775,2804,2839,2861,2863,2853,2858
461,2854,2878,2926,2971,2995,2988,2973,2974,2976,2961,2932,2922,2938,2960
462,2968,2977,2979,2979,2978,2974,2972,2996,3009,3002,2989,2973,2971,2974
463,2954,2952,2964,3000,3083,3229,3363,3433,3363,3188,2990,2847,2783,2785
464,2790,2830,2870,2886,2880,2887,2909,2946,2978,2988,2981,2969,2972,2975
465,2967,2970,2967,2962,2950,2938,2947,2965,2977,2982,2986,2981,2972,2974
466,2979,2997,3002,2994,2985,2971,2964,2965,2952,2991,3140,3331,3436,3381
467,3198,3046,2879,2761,2728,2757,2821,2882,2900,2908,2902,2906,2928,2952
468,2964,2982,2980,2962,2938,2921,2930,2954,2954,2959,2981,3005,3005,2984
469,2973,2973,2962,2952,2953,2969,2993,2991,2979,2980,2977,2970,2958,2958
470,2978,3059,3150,3311,3423,3394,3243,3044,2879,2804,2781,2796,2829,2860
471,2880,2881,2858,2848,2881,2933,2967,2973,2967,2979,2970,2957,2949,2952
472,2959,2968,2953,2954,2974,2985,2981,2973,2968,2970,2972,2962,2958,2972
473,2996,3006,2994,2987,2984,2975,2959,2952,2986,3120,3251,3399,3436,3332
474,3147,2970,2847,2789,2776,2800,2831,2853,2857,2851,2829,2832,2876,2935
475,2976,2998,3005,3025,3019,2992,2962,2939,2939,2948,2968,2977,2995,3004
476,3001,2988,2978,2973,2976,2969,2971,2970,2982,2990,2990,2991,2995,2995
477,2969,2954,2994,3140,3278,3404,3400,3262,3072,2904,2802,2765,2784,2822
478,2841,2856,2870,2879,2877,2893,2938,2979,2998,2995,2975,2969,2952,2944
479,2944,2949,2957,2965,2984,2983,2997,3002,2991,2979,2972,2978,2990,2980
480,2969,2974,2998,3013,3000,2979,2970,2958,2957,3014,3170,3352,3460,3432
481,3272,3067,2901,2806,2777,2780,2826,2873,2900,2899,2879,2876,2879,2905
482,2937,2967,2985,2977,2963,2956,2967,2955,2948,2946,2958,2982,2993,2976
483,2968,2975,2992,2992,2984,2975,2988,2998,2992,2980,2976,2974,2967,2949
484,2951,2966,3002,3126,3302,3400,3420,3300,3110,2938,2834,2811,2833,2849
485,2873,2897,2900,2879,2861,2881,2910,2946,2968,2970,2978,2978,2965,2952
486,2963,2957,2937,2923,2920,2939,2966,2968,2986,3005,3019,3017,2999,2985
487,2993,2979,2969,2974,2983,2983,2979,2953,2932,2949,3032,3189,3340,3379
488,3362,3228,3045,2885,2795,2781,2809,2832,2882,2923,2918,2905,2904,2923
489,2955,2965,2968,2977,2984,2984,2978,2962,2961,2955,2951,2946,2946,2957
490,2970,2965,2970,2983,3002,3006,3000,2989,3004,3007,2990,2970,2955,2940
491,2949,2940,2948,2990,3091,3246,3368,3361,3309,3140,2959,2827,2775,2785
492,2817,2853,2879,2911,2928,2938,2951,2966,2983,2984,2965,2947,2947,2950
493,2947,2936,2940,2949,2961,2971,2971,2974,2980,2968,2960,2959,2971,2982
494,2992,3001,3023,3020,2997,2971,2958,2958,2967,2955,2976,3078,3246,3385
495,3386,3246,3117,2930,2789,2717,2716,2763,2832,2876,2894,2919,2961,3007
496,3030,3034,3030,3020,2979,2946,2929,2933,2941,2942,2950,2974,2994,2996
497,2975,2967,2977,2972,2964,2963,2974,2996,3000,2979,2977,2982,2974,2980
498,3035,3181,3352,3435,3392,3223,3009,2843,2755,2744,2778,2816,2834,2842
499,2875,2931,2991,3030,3036,3027,3016,2998,2970,2952,2953,2962,2955,2947
500,2940,2941,2966,2984,2992,2999,2993,2979,2964,2960,2970,2974,2976,3006
501,3126,3296,3390,3344,3257,3090,2927,2808,2758,2770,2821,2851,2877,2884
502,2883,2898,2926,2955,2986,3019,3010,2985,2971,2961,2952,2953,2941,2945
503,2960,2971,2973,2969,2966,2979,2981,2977,2983,2986,2985,2983,2978,3004
504,3108,3275,3383,3356,3212,3080,2928,2829,2796,2817,2845,2865,2884,2905
505,2904,2894,2897,2913,2943,2971,2965,2961,2973,2987,2985,2959,2943,2955
506,2964,2957,2948,2959,2983,2993,2977,2978,2982,2981,2981,2974,2966,2984
507,3037,3163,3296,3346,3288,3144,3010,2898,2846,2832,2832,2844,2868,2886
508,2874,2862,2881,2934,2980,3003,3008,3007,2998,2975,2953,2941,2940,2952
509,2947,2944,2954,2973,2991,2997,2991,2998,2993,2979,2960,2955,2966,2976
510,2964,2983,3062,3205,3319,3307,3197,3103,2977,2881,2838,2849,2873,2885
511,2877,2873,2874,2894,2927,2955,2963,2976,2970,2962,2956,2966,2966,2956
512,2951,2959,2967,2969,2972,2973,2975,2980,2969,2970,2979,2989,2988,2982
513,2969,2978,2978,2968,2966,2989,3087,3238,3330,3352,3262,3109,2960,2867
514,2828,2836,2851,2867,2872,2877,2876,2897,2906,2940,2966,2983,2988,2973
515,2960,2971,2959,2945,2943,2952,2973,2983,2981,2982,2995,2997,2988,2974
516,2968,2981,2985,2985,2980,2978,2978,2971,2949,2952,2984,3038,3142,3258
517,3317,3267,3175,3026,2905,2842,2838,2860,2872,2898,2908,2899,2899,2925
518,2951,2968,2956,2953,2957,2953,2956,2946,2936,2939,2950,2950,2949,2957
519,2978,3003,3010,3007,3010,3006,2995,2977,2965,2968,2969,2962,2963,2966
520,2969,2967,2970,2985,3048,3177,3309,3350,3268,3108,2973,2851,2786,2797
521,2833,2863,2880,2900,2902,2900,2916,2949,2973,2984,2987,2973,2971,2975
522,2972,2964,2949,2951,2968,2960,2945,2952,2976,2999,3004,2993,2997,2999
523,2994,2986,2982,2970,2959,2943,2945,2951,2959,2969,2993,3032,3158,3317
524,3392,3320,3149,2968,2844,2766,2768,2817,2875,2907,2907,2907,2903,2909
525,2923,2945,2970,2982,2978,2953,2950,2965,2972,2969,2955,2942,2954,2956
526,2957,2973,2979,2981,2991,2983,2991,2993,2992,2987,2985,2973,2974,2962
527,2957,2959,2967,2989,3076,3179,3329,3401,3324,3148,2958,2823,2758,2744
528,2775,2828,2880,2902,2907,2916,2947,2975,2983,2983,2978,2982,2979,2952
529,2932,2929,2941,2953,2959,2960,2982,2989,2984,2974,2975,2980,2983,2965
530,2967,2987,3003,2999,2978,2963,2969,2962,2950,2959,3057,3243,3391,3438
531,3366,3192,2999,2847,2768,2758,2780,2824,2866,2890,2902,2915,2932,2950
532,2974,2988,2988,2981,2967,2959,2956,2938,2928,2932,2964,2986,2986,2972
533,2981,2987,2985,2983,2981,2980,2985,2973,2970,2980,2991,2983,2961,2945
534,2956,2959,2974,3056,3232,3400,3436,3382,3226,3034,2876,2782,2765,2789
535,2830,2855,2874,2878,2884,2893,2914,2945,2978,2999,2991,2972,2959,2950
536,2951,2940,2941,2947,2959,2979,2984,2977,2994,3003,2987,2969,2961,2971
537,2985,2977,2977,2986,2998,2993,2978,2956,2957,2952,2960,3027,3204,3392
538,3452,3411,3247,3036,2872,2786,2773,2794,2847,2889,2905,2905,2889,2884
539,2905,2934,2962,2990,2994,2982,2960,2944,2938,2927,2917,2926,2951,2975
540,2990,2991,2999,2997,2992,2989,2979,2975,2983,2971,2967,2976,2992,2998
541,2983,2967,2979,2982,2975,2982,3078,3267,3423,3421,3344,3175,2988,2841
542,2764,2753,2788,2835,2882,2893,2885,2886,2910,2945,2971,2997,3010,2994
543,2967,2950,2940,2932,2930,2941,2959,2972,2975,2966,2967,2982,2990,2982
544,2971,2975,2991,2989,2973,2965,2976,2985,2986,2970,2976,2980,2996,3084
545,3248,3381,3378,3241,3092,2921,2804,2768,2791,2831,2872,2912,2912,2889
546,2886,2920,2968,2993,2998,3004,3008,2989,2963,2937,2930,2932,2924,2924
547,2936,2958,2972,2982,2993,3009,3004,2986,2981,2986,2993,2989,2976,2961
548,2960,2965,2970,2997,3091,3213,3361,3420,3336,3150,2966,2845,2768,2763
549,2801,2858,2894,2897,2880,2886,2899,2926,2952,2971,2982,2976,2955,2953
550,2964,2966,2959,2944,2937,2945,2944,2940,2949,2972,2992,3000,3002,3005
551,3005,3012,3012,2989,2978,2972,2957,2947,2966,3014,3123,3271,3360,3391
552,3287,3104,2934,2830,2804,2827,2834,2862,2897,2926,2921,2899,2893,2920
553,2951,2967,2971,2968,2967,2958,2935,2932,2944,2960,2964,2953,2948,2968
554,2972,2971,2968,2977,2996,3002,2992,2992,3002,2991,2965,2953,2947,2953
555,2952,2973,3083,3261,3396,3390,3252,3128,2959,2834,2783,2788,2829,2885
556,2907,2922,2915,2907,2913,2924,2937,2965,2971,2962,2954,2956,2965,2967
557,2953,2950,2958,2967,2967,2957,2951,2964,2973,2973,2980,2985,2991,2989
558,2986,2992,2991,2983,2975,2974,2984,3001,3009,3079,3233,3356,3348,3217
559,3034,2922,2840,2803,2807,2846,2891,2910,2892,2863,2867,2898,2941,2973
560,2979,2993,2992,2977,2955,2943,2943,2959,2957,2961,2973,2979,2975,2966
561,2959,2977,2987,2988,2989,2987,2986,2986,2974,2964,2955,2957,2978,3049
562,3188,3310,3359,3296,3144,2978,2871,2840,2839,2856,2889,2910,2908,2882
563,2877,2925,2954,2981,2994,3002,2987,2961,2936,2937,2941,2941,2935,2937
564,2959,2979,2972,2975,2986,2998,3006,2999,2982,2966,2961,2946,2933,2938
565,2955,2980,3043,3124,3278,3383,3348,3207,3036,2909,2840,2810,2825,2867
566,2906,2912,2879,2856,2855,2879,2910,2934,2950,2969,2969,2959,2954,2969
567,2982,2974,2968,2977,2981,2974,2974,2971,2970,2978,2975,2980,2980,2985
568,2983,2969,2948,2940,2956,2980,3044,3188,3333,3382,3297,3184,3039,2924
569,2849,2821,2840,2876,2899,2899,2871,2844,2849,2890,2937,2968,2988,2988
570,2983,2972,2960,2954,2949,2951,2959,2964,2964,2962,2959,2970,2982,2980
571,2971,2964,2971,2986,2991,2975,2973,2982,2986,2984,2984,3058,3162,3294
572,3351,3289,3145,2986,2893,2842,2835,2859,2896,2906,2905,2895,2889,2865
573,2866,2904,2954,2993,3002,2996,2986,2974,2960,2949,2940,2942,2948,2962
574,2972,2976,2981,2981,2984,2998,3005,3009,3002,2989,2966,2952,2949,2931
575,2921,2937,2980,3049,3188,3331,3414,3370,3215,3036,2912,2849,2844,2844
576,2871,2907,2925,2907,2868,2849,2858,2885,2924,2957,2978,2984,2989,2984
577,2982,2974,2958,2934,2919,2931,2949,2956,2968,2981,2983,2988,2980,2969
578,2983,2988,2984,2983,2981,2978,2980,2967,2951,2956,3004,3135,3300,3387
579,3407,3294,3115,2955,2846,2801,2820,2832,2865,2896,2906,2893,2886,2893
580,2924,2957,2965,2965,2956,2954,2960,2953,2953,2959,2958,2949,2952,2967
581,2983,2982,2976,2981,2996,3004,3008,3009,3018,3015,2999,2965,2938,2936
582,2954,2953,2952,3003,3150,3321,3397,3323,3229,3052,2891,2799,2773,2814
583,2878,2902,2916,2919,2904,2896,2915,2940,2972,2977,2965,2953,2952,2953
584,2954,2947,2959,2980,2989,2985,2977,2974,2974,2970,2966,2959,2958,2967
585,2981,2986,3002,3008,2990,2970,2949,2944,2977,3018,3159,3335,3418,3336
586,3151,2961,2853,2796,2785,2801,2837,2876,2899,2887,2868,2876,2913,2957
587,2976,2987,3006,3002,2978,2956,2945,2951,2960,2962,2959,2963,2965,2969
588,2969,2966,2966,2965,2966,2978,2989,2995,3002,2988,2977,2976,2972,2966
589,2992,3115,3307,3428,3438,3320,3131,2945,2822,2780,2788,2818,2847,2870
590,2890,2902,2907,2898,2916,2956,2991,3002,2975,2948,2952,2951,2941,2928
591,2926,2949,2974,2974,2967,2968,2982,3003,3009,2997,2987,2988,2981,2973
592,2970,2967,2965,2957,2958,2981,3031,3162,3329,3410,3354,3253,3066,2891
593,2791,2780,2806,2841,2878,2916,2926,2898,2873,2876,2913,2936,2953,2957
594,2964,2979,2981,2971,2951,2951,2945,2947,2956,2962,2973,2978,2974,2990
595,3006,3010,3006,2991,2975,2971,2956,2942,2931,2944,2965,3006,3063,3227
596,3416,3476,3367,3157,2955,2823,2744,2744,2789,2840,2883,2894,2901,2908
597,2909,2915,2939,2963,2973,2967,2960,2951,2949,2951,2942,2923,2918,2940
598,2951,2956,2962,2979,3003,3009,2997,3002,3003,2993,2978,2963,2960,2971
599,2973,2970,2978,3037,3191,3370,3461,3429,3266,3050,2878,2775,2745,2748
600,2785,2845,2899,2917,2917,2922,2940,2978,2995,2989,2973,2960,2945,2937
601,2915,2913,2925,2936,2944,2958,2965,2987,2992,2995,2995,3007,3030,3031
602,3009,2992,2983,2979,2970,2956,2965,3008,3130,3290,3363,3299,3149,2987
603,2870,2803,2797,2828,2861,2885,2895,2897,2887,2897,2930,2968,2982,2974
604,2961,2953,2954,2962,2954,2942,2943,2954,2944,2949,2981,3014,3020,2997
605,2981,2990,2991,2982,2975,2971,2969,2966,2953,2966,3019,3147,3298,3363
606,3303,3220,3055,2901,2825,2819,2846,2879,2887,2899,2904,2904,2902,2909
607,2933,2966,2987,2980,2963,2963,2959,2954,2939,2940,2952,2960,2955,2950
608,2955,2972,2970,2979,2989,2996,2987,2976,2975,2993,2992,2980,2980,3057
609,3208,3335,3367,3285,3143,3012,2919,2863,2844,2861,2885,2897,2900,2888
610,2881,2904,2907,2920,2950,2973,2973,2963,2959,2976,2972,2959,2947,2956
611,2967,2964,2963,2973,2989,2999,2996,2974,2968,2976,2971,2953,2947,2954
612,2974,2995,3028,3095,3225,3330,3327,3224,3078,2950,2858,2812,2815,2857
613,2906,2928,2915,2915,2904,2904,2917,2935,2962,2979,2961,2950,2953,2963
614,2968,2955,2942,2946,2960,2966,2970,2986,2991,2984,2977,2978,2984,2985
615,2965,2948,2941,2944,2939,2934,2980,3101,3246,3326,3279,3207,3075,2953
616,2875,2855,2866,2890,2899,2905,2899,2887,2895,2922,2949,2985,3003,2982
617,2950,2942,2949,2951,2937,2947,2963,2979,2986,2991,2989,2983,2986,2976
618,2959,2948,2949,2954,2960,2961,2983,3015,3082,3196,3290,3286,3237,3111
619,2980,2887,2853,2863,2892,2920,2939,2931,2899,2878,2882,2913,2932,2945
620,2954,2966,2976,2972,2953,2954,2957,2955,2965,2975,2989,2996,2993,2973
621,2964,2966,2973,2975,2969,2966,2975,2968,2961,2970,3034,3167,3298,3358
622,3332,3210,3048,2907,2828,2822,2841,2867,2890,2900,2886,2877,2888,2910
623,2950,2974,2982,2976,2975,2969,2952,2929,2933,2949,2964,2973,2975,2970
624,2986,2979,2963,2950,2955,2975,2990,2983,2983,2991,2994,2983,2970,2959
625,2969,2982,3056,3213,3356,3375,3263,3132,2988,2878,2822,2812,2830,2866
626,2896,2876,2847,2851,2895,2937,2968,2980,2992,2997,2992,2976,2964,2959
627,2948,2929,2926,2952,2978,2989,2983,2974,2991,2996,2991,2983,2983,2989
628,2986,2961,2955,2966,2982,2998,3052,3186,3313,3379,3322,3167,2991,2864
629,2799,2763,2793,2850,2888,2898,2885,2883,2909,2937,2961,2978,2992,2991
630,2982,2968,2957,2952,2952,2945,2933,2939,2968,2973,2968,2967,2984,3011
631,3011,2989,2994,3005,2997,2974,2959,2970,3051,3144,3298,3385,3341,3187
632,2994,2848,2788,2769,2792,2833,2878,2911,2899,2869,2877,2919,2966,2989
633,2989,2980,2982,2953,2930,2928,2950,2968,2972,2965,2975,2987,2984,2970
634,2965,2967,2975,2970,2961,2965,2973,2973,2975,2971,2983,3008,3084,3240
635,3398,3424,3313,3179,2996,2852,2780,2773,2794,2824,2871,2904,2886,2867
636,2881,2920,2965,2973,2979,2987,2973,2954,2947,2934,2944,2951,2950,2949
637,2968,2990,2995,2988,2983,2984,2985,2981,2972,2984,2988,2978,2963,2954
638,2959,2978,3015,3138,3281,3444,3474,3332,3106,2903,2783,2715,2711,2751
639,2825,2887,2897,2878,2884,2895,2920,2956,2985,2992,2988,2961,2951,2947
640,2951,2949,2949,2950,2974,2985,2981,2975,2977,2988,2995,2989,2985,2992
641,2996,2987,2974,2962,2971,2969,2962,2986,3103,3307,3463,3445,3367,3176
642,2964,2796,2712,2708,2754,2789,2829,2859,2882,2914,2953,2980,3010,3014
643,3002,2984,2963,2961,2960,2933,2914,2916,2925,2942,2944,2942,2954,2979
644,2984,2991,3008,3021,3022,3004,2984,2977,2980,2996,3093,3277,3438,3498
645,3391,3177,2950,2793,2729,2731,2756,2812,2860,2870,2870,2899,2947,2975
646,2991,2994,2993,2987,2978,2961,2965,2970,2949,2924,2929,2953,2977,2975
647,2973,2983,2991,2996,2999,2988,2973,2976,2967,2956,2996,3160,3382,3502
648,3504,3348,3108,2887,2748,2691,2707,2743,2790,2842,2874,2902,2926,2952
649,2975,3005,3013,2996,2978,2969,2959,2945,2925,2921,2936,2947,2952,2957
650,2976,3000,3006,2993,2981,2983,2990,2996,2975,2964,2990,3099,3288,3433
651,3428,3368,3184,2970,2816,2743,2743,2784,2812,2872,2909,2913,2901,2897
652,2917,2949,2976,2979,2973,2969,2966,2963,2951,2957,2965,2955,2952,2963
653,2968,2967,2968,2977,2988,2990,2983,2974,2972,2967,2973,2993,3096,3282
654,3416,3405,3317,3144,2966,2837,2780,2775,2798,2839,2881,2907,2902,2884
655,2893,2926,2939,2972,3000,3007,2994,2968,2948,2948,2939,2926,2928,2949
656,2975,2980,2969,2979,2990,2993,2983,2966,2964,2969,2976,3055,3216,3367
657,3396,3284,3100,2972,2860,2792,2782,2802,2841,2883,2883,2875,2883,2914
658,2948,2971,2967,2981,2980,2963,2947,2944,2953,2957,2939,2949,2976,3003
659,3014,3003,2987,2993,2993,2990,2981,2983,2999,3033,3076,3207,3325,3334
660,3230,3069,2934,2868,2831,2821,2837,2861,2874,2864,2847,2856,2885,2919
661,2947,2968,2988,2995,2975,2952,2943,2952,2958,2966,2959,2971,2983,2993
662,2992,2981,2969,2971,2955,2964,2986,2992,2993,3030,3150,3269,3352,3313
663,3185,3036,2935,2899,2875,2888,2907,2919,2913,2882,2849,2852,2866,2888
664,2921,2954,2979,2993,2980,2972,2970,2964,2943,2929,2931,2958,2966,2978
665,2982,2984,2980,2973,2953,2952,2955,2953,2960,2975,3040,3177,3273,3347
666,3330,3223,3077,2940,2868,2862,2869,2861,2862,2874,2883,2886,2901,2915
667,2948,2969,2980,2980,2968,2951,2937,2926,2922,2932,2950,2962,2962,2960
668,2961,2961,2960,2968,2977,2982,2970,2955,2955,2971,2981,2982,2977,2984
669,3008,3090,3233,3346,3360,3271,3156,3007,2887,2833,2838,2871,2889,2913
670,2899,2855,2832,2847,2895,2943,2969,2970,2975,2989,2997,2984,2970,2956
671,2955,2953,2944,2945,2959,2971,2977,2984,2992,2982,2966,2960,2967,2985
672,2989,2981,2969,2964,2969,2978,2978,2993,3063,3196,3316,3335,3253,3102
673,2969,2862,2825,2839,2863,2881,2881,2869,2876,2873,2891,2933,2978,3002
674,3004,2984,2968,2954,2946,2929,2914,2921,2942,2943,2938,2939,2955,2969
675,2973,2974,2989,2990,2993,2999,3003,3003,3003,2981,2966,2965,2963,2967
676,2975,2993,3069,3223,3366,3397,3299,3125,2978,2845,2777,2775,2814,2850
677,2870,2871,2889,2897,2909,2933,2958,2970,2981,2971,2972,2963,2949,2941
678,2938,2943,2959,2957,2951,2954,2960,2972,2968,2955,2955,2963,2974,2975
679,2969,2982,2997,2995,2992,2989,2992,2988,2981,2979,3013,3133,3308,3418
680,3395,3250,3055,2897,2779,2739,2752,2796,2841,2870,2901,2913,2932,2962
681,2975,2987,2984,2960,2950,2944,2947,2946,2933,2926,2940,2947,2951,2962
682,2985,2998,2995,2979,2974,2975,2972,2975,2976,2988,3000,2980,2952,2941
683,2944,2959,2980,2999,3077,3249,3428,3482,3372,3167,2968,2824,2738,2718
684,2746,2795,2840,2866,2895,2911,2931,2939,2964,2988,2995,2973,2950,2934
685,2928,2926,2924,2916,2929,2940,2953,2969,2974,2983,3001,2999,2999,3004
686,3014,3007,2998,2990,3000,3000,2984,2960,2947,2952,3000,3123,3266,3435
687,3485,3376,3161,2945,2801,2714,2698,2733,2786,2837,2873,2889,2921,2950
688,2959,2962,2972,2983,2987,2967,2953,2951,2953,2951,2944,2933,2942,2946
689,2949,2947,2956,2986,3011,3003,3002,3010,3017,3014,2995,2971,2961,2949
690,2921,2917,2960,3092,3300,3462,3526,3432,3228,2998,2816,2728,2726,2730
691,2756,2801,2846,2891,2929,2954,2986,3008,3004,2973,2943,2934,2942,2927
692,2917,2924,2942,2956,2966,2971,2995,3013,3017,3004,2992,2991,2983,2959
693,2947,2942,2944,2942,2923,2925,3001,3117,3343,3524,3533,3372,3135,2900
694,2756,2689,2696,2741,2795,2838,2865,2876,2898,2936,2980,3008,3020,3000
695,2990,2976,2946,2925,2923,2930,2944,2941,2957,2984,3003,3002,2993,2971
696,2975,2983,2989,2981,2974,3012,3135,3298,3389,3388,3271,3085,2906,2792
697,2759,2768,2796,2834,2862,2894,2928,2962,2986,3015,3013,2993,2960,2937
698,2936,2931,2924,2934,2958,2972,2975,2971,2980,2994,2984,2969,2964,2972
699,2974,2964,2976,3050,3203,3364,3406,3305,3198,3029,2884,2804,2790,2822
700,2874,2914,2916,2899,2886,2895,2919,2941,2962,2981,2969,2952,2941,2950
701,2966,2966,2959,2958,2956,2955,2948,2949,2966,2979,2979,2974,2967,2977
702,3007,3075,3163,3299,3374,3315,3169,3017,2920,2862,2842,2858,2892,2918
703,2921,2883,2855,2868,2900,2923,2933,2940,2948,2962,2950,2947,2954,2958
704,2961,2967,2977,2995,2990,2972,2957,2952,2964,2973,2966,2973,2976,2976
705,2975,2983,3060,3158,3284,3341,3289,3167,3045,2944,2890,2879,2891,2905
706,2907,2878,2842,2818,2815,2858,2921,2955,2963,2960,2951,2961,2952,2937
707,2930,2952,2966,2968,2951,2963,2991,3008,3002,2980,2966,2975,2968,2959
708,2947,2948,2956,2962,2957,2968,2988,3017,3102,3248,3354,3388,3281,3114
709,2974,2896,2877,2901,2916,2925,2916,2892,2861,2849,2879,2930,2948,2952
710,2955,2961,2965,2955,2941,2952,2958,2951,2942,2949,2967,2980,2967,2964
711,2970,2980,2977,2973,2974,2993,2988,2976,2968,2956,2946,2955,2952,2972
712,3000,3032,3125,3264,3353,3382,3286,3128,2976,2890,2866,2877,2885,2914
713,2929,2910,2873,2850,2856,2899,2916,2935,2945,2957,2959,2948,2938,2950
714,2958,2960,2957,2957,2959,2969,2955,2959,2974,2994,3001,2984,2967,2974
715,2971,2966,2962,2972,2984,2997,2980,2975,2977,2972,2979,3033,3168,3300
716,3396,3353,3205,3050,2945,2890,2868,2872,2894,2903,2897,2878,2854,2855
717,2854,2871,2915,2963,2990,2991,2964,2960,2958,2947,2941,2939,2947,2966
718,2964,2964,2965,2970,2980,2983,2979,2997,2995,2977,2965,2955,2958,2974
719,2970,2983,2987,2982,2982,2970,2954,2968,2985,3035,3170,3322,3388,3321
720,3163,3029,2915,2854,2843,2856,2874,2899,2906,2882,2846,2843,2878,2920
721,2947,2968,2977,2985,2973,2958,2946,2950,2943,2945,2953,2965,2972,2967
722,2972,2998,3014,3004,2983,2962,2961,2973,2965,2967,2970,2980,2969,2961
723,2955,2972,2994,2982,2969,2964,2979,3021,3148,3277,3417,3439,3307,3096
724,2914,2822,2789,2789,2822,2870,2904,2900,2876,2872,2893,2926,2949,2961
725,2971,2971,2955,2941,2941,2951,2959,2960,2952,2964,2972,2972,2967,2968
726,2968,2979,2997,2991,3000,2999,2997,2980,2964,2961,2978,2976,2967,2965
727,2961,2958,2960,2955,2967,3018,3146,3324,3438,3417,3341,3151,2949,2816
728,2780,2807,2841,2866,2902,2908,2891,2871,2873,2902,2925,2945,2963,2975
729,2984,2977,2954,2950,2943,2940,2939,2933,2939,2962,2991,2989,3001,3006
730,3005,2996,2980,2966,2971,2962,2959,2958,2965,2977,2978,2968,2974,2979
731,2969,2955,2962,3008,3083,3251,3435,3493,3395,3197,2982,2836,2757,2756
732,2781,2823,2862,2884,2888,2863,2859,2885,2921,2946,2959,2959,2975,2972
733,2960,2941,2930,2930,2942,2934,2938,2962,2990,3000,2988,2978,2991,2993
734,2978,2965,2967,2970,2982,2977,2974,2983,3004,3007,2991,2967,2962,2949
735,2956,2981,3095,3305,3497,3576,3494,3274,3015,2814,2705,2700,2725,2781
736,2840,2878,2885,2887,2899,2913,2945,2971,2979,2978,2960,2952,2952,2931
737,2921,2930,2950,2968,2974,2972,2989,2986,2976,2965,2962,2982,2998,2987
738,2981,2977,2979,2980,2977,2980,2996,2981,2958,2951,2974,3073,3281,3445
739,3563,3511,3317,3064,2848,2736,2717,2722,2753,2793,2852,2887,2878,2877
740,2900,2935,2967,2983,2978,2972,2968,2944,2925,2937,2945,2942,2940,2942
741,2964,2976,2973,2976,2981,2991,2994,2978,2971,2975,2982,2993,2997,2988
742,2998,2995,2987,2977,2976,3073,3298,3475,3595,3530,3314,3058,2848,2729
743,2709,2711,2735,2777,2833,2858,2845,2840,2860,2896,2936,2962,2994,3009
744,3010,2994,2975,2976,2984,2989,2985,2973,2983,2986,2981,2970,2956,2952
745,2958,2946,2949,2959,2975,2990,2989,2969,2975,2969,2962,2999,3151,3361
746,3491,3436,3322,3116,2923,2797,2749,2757,2798,2837,2875,2897,2889,2896
747,2921,2935,2954,2980,2983,2967,2945,2933,2930,2918,2906,2922,2960,2996
748,3016,3018,3025,3020,2996,2978,2967,2966,2969,2958,2957,2960,2958,2942
749,2926,2913,2933,3002,3163,3356,3454,3404,3245,3058,2922,2832,2796,2803
750,2835,2864,2877,2887,2875,2871,2888,2917,2942,2957,2965,2983,2987,2969
751,2943,2932,2947,2957,2957,2952,2954,2957,2949,2951,2972,2988,2978,2970
752,2967,2971,2998,3001,2984,2967,2958,2955,2990,3113,3307,3452,3488,3375
753,3171,2963,2833,2793,2776,2808,2851,2878,2887,2870,2870,2896,2938,2972
754,2988,2984,2976,2966,2953,2953,2948,2924,2915,2921,2929,2945,2963,2973
755,2983,2997,3004,2986,2974,2972,2967,2958,2954,2950,2962,2969,2954,2960
756,3019,3179,3362,3446,3380,3289,3099,2912,2785,2751,2782,2834,2856,2891
757,2907,2907,2915,2937,2958,2974,2962,2950,2947,2949,2949,2946,2932,2935
758,2951,2971,2971,2971,2983,2989,2975,2966,2966,2977,2978,2973,2973,2990
759,3002,2979,2962,2962,2970,3001,3034,3169,3345,3440,3381,3215,2997,2863
760,2769,2721,2734,2783,2837,2885,2895,2906,2928,2957,2975,2983,2957,2952
761,2928,2900,2891,2900,2930,2951,2942,2950,2962,2976,2987,2986,2987,2993
762,2977,2979,2991,2997,2995,2984,2978,2988,2991,2979,2960,2984,3104,3294
763,3415,3451,3355,3178,2989,2838,2737,2710,2724,2761,2808,2850,2895,2956
764,2983,3003,3018,3022,3008,2969,2932,2931,2921,2891,2874,2876,2903,2955
765,2979,3000,3023,3031,3032,3025,3022,3029,3012,2992,2976,2973,2973,2975
766,2974,2976,2987,3075,3262,3427,3444,3307,3148,2934,2777,2703,2688,2716
767,2764,2818,2874,2919,2952,2988,3032,3051,3025,2984,2957,2945,2932,2930
768,2936,2960,2966,2967,2965,2972,2984,2989,2971,2965,2971,2979,2985,2974
769,2960,2970,3009,3143,3335,3462,3437,3269,3032,2863,2747,2705,2708,2746
770,2798,2836,2851,2860,2902,2972,3027,3046,3026,3015,2998,2970,2945,2932
771,2922,2924,2918,2924,2939,2969,2995,2990,2964,2970,2977,2970,2965,2960
772,2984,3104,3224,3397,3487,3417,3229,2996,2820,2742,2726,2740,2771,2818
773,2863,2890,2901,2913,2944,2978,2997,2990,2972,2960,2947,2931,2931,2943
774,2946,2956,2954,2961,2977,2989,2987,2980,2977,2981,2971,2965,2969,2995
775,3075,3236,3404,3493,3434,3255,3035,2863,2776,2774,2816,2833,2862,2893
776,2885,2876,2887,2916,2950,2959,2963,2965,2966,2973,2972,2954,2938,2943
777,2957,2959,2960,2963,2970,2967,2975,2995,3004,2996,2974,2959,2957,2973
778,3002,3093,3259,3403,3452,3358,3176,2993,2867,2815,2819,2847,2889,2911
779,2902,2869,2853,2882,2918,2923,2944,2966,2976,2963,2939,2922,2928,2938
780,2952,2960,2961,2977,2987,2975,2976,2987,2992,2982,2972,2962,2962,2958
781,2971,2983,2982,2990,3064,3164,3327,3417,3367,3206,3019,2895,2827,2803
782,2814,2850,2889,2901,2882,2860,2872,2900,2932,2946,2951,2958,2961,2941
783,2929,2943,2952,2949,2949,2951,2970,2969,2975,2969,2962,2967,2976,2971
784,2984,2997,2996,2991,2977,2958,2960,2952,2953,2957,2988,3083,3253,3380
785,3454,3382,3210,3017,2888,2835,2817,2823,2847,2865,2872,2863,2849,2856
786,2895,2944,2975,2966,2948,2951,2962,2952,2951,2949,2947,2954,2959,2956
787,2973,2974,2967,2970,2977,2985,2985,2964,2972,2993,3001,2987,2970,2972
788,2989,2982,2958,2950,2957,2976,3051,3143,3316,3432,3398,3239,3039,2890
789,2823,2794,2799,2828,2868,2888,2884,2871,2881,2909,2933,2942,2944,2949
790,2959,2949,2939,2941,2954,2958,2953,2955,2983,2999,3002,2986,2983,2985
791,2990,2970,2959,2947,2934,2945,2967,2981,3006,3000,2977,2969,2975,2977
792,2989,2997,3006,3073,3226,3380,3417,3310,3114,2964,2849,2799,2792,2826
793,2865,2881,2893,2885,2869,2872,2898,2940,2969,2968,2964,2956,2950,2956
794,2965,2967,2984,2989,2984,2972,2964,2973,2983,2968,2962,2958,2964,2971
795,2965,2956,2974,2978,2972,2972,2979,2981,2987,2984,2973,2981,2989,3026
796,3146,3321,3431,3451,3319,3110,2926,2822,2791,2797,2821,2866,2907,2905
797,2871,2858,2882,2901,2925,2951,2982,2990,2986,2966,2963,2960,2957,2940
798,2928,2937,2956,2947,2951,2973,2990,2987,2983,2976,2971,2983,2982,2971
799,2971,2972,2981,2990,2988,2993,2994,2983,2965,2957,3009,3095,3269,3429
800,3465,3358,3163,2962,2834,2760,2750,2784,2822,2850,2865,2862,2850,2853
801,2889,2945,2988,2988,2989,2977,2965,2954,2943,2944,2955,2939,2925,2937
802,2963,2985,2981,2969,2968,2985,2986,2975,2964,2960,2969,2989,2991,3005
803,3012,3017,2996,2968,2948,2943,2934,2938,3017,3220,3444,3527,3502,3334
804,3103,2887,2745,2700,2730,2766,2810,2865,2904,2912,2916,2936,2962,2988
805,2992,2978,2956,2947,2952,2953,2932,2923,2929,2948,2970,2970,2978,3000
806,2992,2966,2956,2965,2979,2983,2967,2972,2987,2988,2987,2982,2976,2984
807,2978,2959,2949,2991,3125,3334,3481,3541,3433,3209,2959,2779,2717,2711
808,2737,2776,2836,2880,2897,2895,2897,2925,2962,2986,2986,2975,2979,2979
809,2953,2939,2942,2950,2950,2932,2925,2951,2973,2980,2975,2975,2985,2995
810,2983,2985,2987,2999,3001,2985,2963,2961,2943,2931,2932,2955,3025,3189
811,3343,3518,3548,3401,3155,2923,2774,2710,2704,2743,2800,2865,2909,2906
812,2884,2889,2920,2951,2967,2969,2962,2960,2943,2935,2935,2940,2951,2956
813,2958,2977,2978,2975,2974,2973,2977,2982,2965,2968,2983,2992,3003,2997
814,2982,2985,2969,2956,2956,2984,3116,3336,3482,3529,3409,3188,2952,2784
815,2712,2706,2744,2805,2865,2913,2924,2909,2901,2918,2948,2980,2984,2966
816,2960,2970,2959,2951,2945,2946,2944,2949,2949,2968,2976,2981,2974,2968
817,2979,3004,3003,2998,2995,2996,2986,2966,2945,2957,3009,3148,3326,3413
818,3351,3181,3017,2865,2785,2774,2806,2849,2886,2912,2919,2904,2897,2920
819,2961,2989,2989,2988,2979,2955,2932,2914,2913,2932,2937,2947,2965,2991
820,3015,3009,2986,2986,2987,2981,2969,2965,2965,2975,2968,2967,2995,3116
821,3278,3371,3328,3261,3112,2954,2848,2815,2833,2878,2911,2923,2928,2904
822,2877,2874,2901,2938,2964,2966,2959,2951,2957,2963,2968,2971,2977,2976
823,2970,2967,2968,2980,2983,2966,2958,2970,2980,2980,2974,2976,2975,2983
824,2995,3064,3205,3330,3373,3311,3170,3023,2920,2867,2852,2870,2895,2894
825,2887,2873,2859,2870,2907,2931,2973,3000,2990,2962,2941,2938,2946,2943
826,2938,2942,2954,2963,2962,2961,2980,2994,2991,2981,2969,2966,2964,2965
827,2972,2966,2972,2974,2980,3000,3068,3201,3324,3340,3247,3105,2991,2902
828,2857,2851,2864,2882,2905,2904,2904,2880,2868,2886,2918,2946,2965,2958
829,2962,2977,2980,2962,2941,2938,2952,2954,2953,2957,2969,2974,2974,2968
830,2979,2994,2999,2986,2965,2964,2972,2963,2951,2947,2966,2990,3001,3023
831,3124,3277,3368,3325,3181,3022,2909,2836,2810,2833,2877,2913,2911,2877
832,2865,2858,2879,2917,2958,2986,2999,2983,2974,2977,2959,2942,2940,2937
833,2957,2968,2970,2965,2964,2959,2955,2945,2969,2997,3008,3001,2978,2951
834,2944,2939,2943,2957,2974,2996,3020,3061,3193,3332,3366,3270,3106,2966
835,2892,2846,2846,2874,2906,2925,2915,2879,2871,2862,2873,2901,2936,2959
836,2975,2968,2968,2970,2976,2981,2974,2950,2950,2942,2941,2937,2938,2962
837,2986,2981,2990,3004,3002,2987,2980,2986,3002,2994,2970,2946,2952,2964
838,2975,2976,3018,3133,3281,3356,3301,3166,3013,2902,2835,2810,2825,2862
839,2889,2891,2903,2891,2882,2892,2922,2965,3004,3004,2983,2963,2959,2960
840,2948,2934,2950,2963,2965,2956,2957,2974,2984,2967,2966,2979,3001,3012
841,3004,2987,2991,2968,2956,2950,2957,2974,2977,2966,2963,2985,3010,3075
842,3211,3353,3383,3336,3185,3005,2866,2799,2787,2809,2844,2888,2912,2904
843,2887,2906,2940,2945,2965,2982,2993,2983,2959,2943,2958,2967,2962,2947
844,2935,2953,2973,2963,2961,2971,2978,2960,2944,2945,2973,2986,2984,2980
845,2992,3010,3017,3005,2990,2990,2982,2958,2946,2975,3100,3229,3382,3440
846,3350,3167,2966,2817,2749,2752,2793,2834,2865,2880,2880,2865,2864,2892
847,2937,2980,2997,2994,2996,2982,2961,2940,2942,2959,2971,2960,2956,2967
848,2984,2990,2983,2969,2958,2962,2953,2938,2932,2952,2986,2998,2997,3009
849,3024,3022,3002,2989,2973,2969,3004,3158,3368,3488,3425,3220,3036,2850
850,2738,2697,2714,2761,2830,2865,2869,2878,2916,2964,3009,3017,3021,3013
851,2989,2955,2925,2920,2934,2926,2925,2950,2974,2994,2987,2962,2962,2986
852,2998,2989,2986,2986,2986,2990,2977,2972,2980,2982,2979,3004,3117,3256
853,3428,3482,3368,3144,2919,2751,2658,2671,2741,2818,2866,2876,2885,2897
854,2921,2951,2984,3000,3006,2983,2968,2957,2948,2942,2946,2958,2966,2970
855,2952,2961,2982,2998,3002,2991,2969,2973,2964,2954,2950,2953,2962,3015
856,3091,3294,3486,3524,3378,3132,2897,2763,2688,2685,2724,2796,2870,2917
857,2922,2913,2914,2921,2935,2954,2966,2978,2976,2963,2957,2955,2951,2944
858,2938,2954,2971,2983,2986,2983,2981,2991,2978,2965,2959,2972,2981,2982
859,3001,3061,3209,3396,3488,3416,3219,2998,2835,2740,2717,2744,2797,2852
860,2886,2912,2889,2862,2876,2915,2963,2995,2997,2997,2992,2975,2949,2936
861,2933,2941,2939,2943,2951,2968,2985,2998,3000,3003,2998,2993,2984,2970
862,2952,2952,2945,3000,3171,3379,3476,3400,3205,3054,2898,2795,2746,2753
863,2805,2873,2898,2902,2879,2880,2903,2939,2963,2996,2996,2972,2950,2938
864,2949,2962,2949,2951,2955,2962,2969,2967,2969,2973,2978,2974,2982,2996
865,2996,2993,2975,2972,2980,2985,3019,3145,3325,3433,3439,3310,3118,2940
866,2825,2777,2783,2820,2868,2898,2889,2871,2869,2897,2912,2945,2980,2992
867,2989,2975,2953,2957,2953,2942,2940,2942,2957,2976,2968,2977,2987,2987
868,2983,2970,2954,2953,2966,2969,2969,2973,2984,3016,3127,3242,3374,3402
869,3298,3116,2936,2832,2788,2795,2827,2868,2886,2881,2863,2864,2893,2932
870,2960,2976,2977,2975,2960,2944,2943,2942,2940,2942,2948,2966,2979,2987
871,2982,2981,2988,2998,3001,2986,2980,2981,2974,2958,2948,2953,2982,3051
872,3200,3352,3406,3321,3144,2992,2864,2802,2801,2825,2857,2893,2916,2900
873,2887,2900,2928,2959,2969,2974,2978,2974,2965,2947,2922,2912,2904,2899
874,2914,2952,2984,2996,2988,2997,3005,2997,2986,2974,2973,2976,2969,2938
875,2938,2965,2982,2999,3059,3205,3340,3424,3376,3223,3042,2903,2833,2795
876,2821,2862,2894,2896,2867,2848,2858,2878,2911,2942,2970,2992,3001,2995
877,2982,2965,2950,2941,2944,2944,2945,2940,2939,2940,2957,2968,2972,2966
878,2984,3004,3007,2992,2978,2976,2985,2967,2955,2953,2978,3078,3253,3388
879,3453,3371,3191,2996,2860,2816,2831,2837,2870,2900,2912,2892,2867,2867
880,2892,2921,2944,2960,2962,2970,2970,2949,2934,2947,2968,2965,2952,2950
881,2963,2976,2982,2971,2962,2959,2967,2968,2982,2993,3001,2992,2978,2963
882,2955,2942,2947,2967,3007,3128,3308,3424,3469,3360,3153,2940,2808,2770
883,2783,2792,2835,2883,2901,2880,2860,2884,2933,2976,2996,2995,2983,2974
884,2966,2941,2939,2951,2962,2962,2962,2961,2967,2970,2969,2967,2973,2994
885,2997,2985,2986,2987,2983,2966,2957,2959,2972,2965,2972,3068,3248,3394
886,3406,3272,3143,2975,2838,2775,2777,2817,2868,2883,2882,2867,2867,2899
887,2946,2976,3007,2997,2982,2962,2953,2958,2958,2954,2940,2942,2946,2955
888,2975,2987,2991,2992,2978,2969,2969,2971,2975,2979,2985,2993,2994,2981
889,2960,2965,3051,3151,3319,3436,3417,3263,3055,2883,2793,2759,2775,2811
890,2857,2893,2906,2890,2868,2873,2903,2946,2969,2973,2989,2977,2947,2926
891,2925,2946,2970,2983,2977,2982,2983,2983,2980,2979,2964,2967,2965,2971
892,2980,2991,2987,2975,2962,2966,2973,2968,2982,3061,3240,3388,3475,3417
893,3239,3034,2878,2794,2764,2779,2818,2853,2864,2856,2865,2873,2885,2920
894,2960,2990,2996,2978,2950,2948,2949,2958,2954,2941,2950,2976,2971,2980
895,2998,3006,3002,2989,2965,2963,2950,2944,2957,2968,2982,2990,2978,2988
896,3020,3102,3257,3392,3411,3369,3204,3003,2857,2789,2778,2787,2800,2844
897,2876,2879,2870,2879,2912,2942,2961,2973,2978,2983,2976,2962,2949,2960
898,2963,2953,2938,2931,2957,2980,2968,2977,3002,3018,3008,2993,2975,2977
899,2970,2950,2939,2960,3056,3235,3374,3481,3450,3278,3041,2847,2745,2721
900,2745,2782,2824,2863,2878,2881,2882,2920,2963,2986,2983,2971,2962,2964
901,2952,2939,2938,2953,2967,2975,2977,2986,2991,2994,2986,2975,2970,2974
902,2960,2955,2968,2979,3007,3114,3289,3427,3463,3343,3139,2951,2828,2775
903,2740,2761,2808,2856,2875,2867,2871,2906,2950,2978,2988,2988,2984,2983
904,2966,2958,2949,2952,2944,2934,2938,2958,2968,2975,2985,2996,2999,3000
905,2988,2987,2983,2971,2951,2944,3013,3179,3322,3460,3466,3324,3107,2904
906,2769,2715,2725,2771,2831,2865,2880,2889,2882,2912,2960,2987,2994,2984
907,2963,2969,2960,2932,2923,2932,2946,2960,2974,2978,2990,2996,2996,2992
908,2981,2977,2972,2959,2952,2963,3013,3144,3325,3445,3471,3350,3129,2917
909,2788,2743,2727,2746,2795,2851,2876,2889,2921,2967,3014,3027,2999,2966
910,2949,2947,2932,2925,2926,2941,2962,2973,2968,2976,2979,2988,2994,2994
911,2997,2998,2988,2970,2967,2975,2989,3024,3138,3315,3444,3457,3314,3107
912,2924,2810,2767,2756,2780,2821,2869,2889,2881,2888,2901,2929,2961,2989
913,3003,2993,2980,2978,2974,2959,2944,2942,2952,2964,2965,2967,2969,2977
914,2993,2990,2970,2951,2955,2956,2955,2962,3018,3163,3343,3439,3429,3296
915,3104,2937,2816,2770,2774,2804,2840,2876,2889,2891,2911,2931,2976,3012
916,3018,3008,2979,2951,2924,2887,2864,2852,2866,2916,2953,2977,3001,3026
917,3035,3044,3134,3321,3477,3713,4158,5203,7424,8660,9303,9637,9811,9901
918,9948,7407,4134,2193,1152,607,320,170,91,49,27,15,9,6
919,4,3,3,2,2,2,2,2,2,1,1,1,1,0
920,0,0,1267,5403,7609,8756,9353,9663,9824,9908,9952,9975,9987,9993
921,9996,9997,9998,9998,9998,9998,9888,9163,8223,7286,6444,5730,5146,4755
922,4410,4123,3893,3713,3574,3467,3398,3338,3290,3250,3218,3191,3169,3154
923,3140,3128,3117,3108,3099,3091,3086,3080,3074,3070,3066,3062,3059,3055
924,3052,3049,3046,3044,3042,3039,3036,3034,3033,3031,3030,3028,3026,3025
925,3024,3023,3022,3021,3020,3019,3018,3017,3016,3015,3014,3013,3012,3011
926,3010,3010,3010,3010,3009,3008,3007,3007,3007,3006,3005,3004,3003,3003
927,3003,3003,3003,3003,3002,3001,3001,3000,3000,2999,2999,2998,2998,2998
928,2998,2998,2998,2998,2998,2998,2997,2997,2996,2996,2996,2996,2995,2995
929,2995,2995,2995,2995,2995,2994,2993,2993,2993,2993,2993,2993,2993,2993
930,2993,2993,2993,2993,2993,2993,2993,2992,2991,2991,2991,2991,2990,2990
931,2990,2990,2990,2990,2990,2990,2990,2990,2991,2991,2991,2991,2989,2988
932,2988,2988,2989,2989,2989,2989,2989,2989,2989,2989,2988,2988,2988,2989
933,2989,2988,2987,2987,2988,2988,2988,2988,2988,2988,2988,2988,2988,2988
934,2988,2988,2987,2987,2987,2987,2987,2987,2987,2987,2987,2987,2987,2987
935,2987,2987,2987,2987,2987,2987,2987,2987,2987,2987,2986,2986,2986,2986
936,2986,2986,2986,2986,2986,2986,2986,2986,2986,2986,2986,2986,2986,2986
937,2987,2987,2987,2986,2985,2984,2984,2985,2986,2986,2986,2986,2986,2986
938,2986,2986,2986,2985,2985,2985,2986,2986,2986,2985,2985,2985,2985,2985
939,2985,2985,2985,2985,2985,2984,2984,2984,2984,2984,2984,2984,2984,2984
940,2984,2985,2985,2985,2985,2985,2985,2984,2984,2984,2984,2984,2984,2984
941,2984,2984,2985,2985,2984,2983,2983,2984,2984,2983,2983,2984,2984,2984
942,2984,2984,2984,2984,2984,2985,2985,2985,2985,2984,2984,2984,2984,2984
943,2984,2984,2984,2984,2983,2983,2984,2984,2984,2984,2983,2983,2984,2984
944,2984,2984,2984,2984,2984,2984,2984,2983,2982,2982,2982,2983,2983,2983
945,2983,2983,2983,2983,2983,2983,2983,2983,2983,2983,2983,2983,2983,2983
946,2983,2983,2983,2983,2983,2983,2983,2983,2983,2983,2983,2983,2983,2983
947,2983,2983,2983,2983,2983,2983,2983,2983,2984,2984,2984,2984,2984,2984
948,2984,2984,2984,2984,2984,2983,2983,2982,2982,2982,2982,2982,2982,2982
949,2982,2983,2983,2983,2983,2983,2983,2983,2983,2983,2983,2983,2983,2983
950,2983,2983,2983,2983,2983,2983,2983,2983,2983,2983,2983,2983,2983,2983
951,2983,2983,2984,2984,2983,2982,2982,2982,2982,2982,2982,2982,2983,2983
952,2983,2983,2983,2983,2983,2983,2982,2982,2983,2983,2983,2983,2983,2982
953,2982,2982,2983,2983,2983,2983,2983,2983,2983,2983,2983,2982,2982,2982
954,2982,2982,2982,2982,2982,2983,2983,2983,2983,2983,2982,2982,2983,2983
955,2983,2983,2983,2983,2983,2982,2982,2982,2982,2982,2982,2982,2983,2983
956,2983,2983,2983,2983,2983,2982,2982,2982,2982,2982,2982,2983,2983,2983
957,2983,2983,2983,2983,2983,2983,2983,2982,2982,2982,2982,2982,2982,2982
958,2982,2982,2982,2982,2981,2981,2981,2981,2981,2981,2982,2983,2983,2983
959,2983,2983,2983,2983,2982,2982,2982,2982,2982,2982,2982,2982,2982,2982
960,2982,2983,2983,2983,2983,2982,2981,2981,2981,2981,2982,2983,2983,2983
961,2983,2982,2982,2982,2983,2983,2983,2983,2983,2983,2983,2983,2983,2983
962,2983,2983,2983,2983,2983,2982,2982,2982,2982,2982,2982,2982,2982,2982
963,2982,2982,2982,2982,2982,2982,2982,2983,2983,2984,2985,2985,2985,2985
964,2989,2996,2996,2989,2982,2978,2975,2975,2975,2975,2978,2994,3004,3003
965,2994,2984,2976,2972,2971,2971,2973,2975,2977,2984,2995,2996,2994,2987
966,2980,2976,2974,2974,2974,2975,2977,2979,2979,2979,2979,2979,2979,2979
967,2966,2955,2960,2973,2984,2991,2994,2994,2991,2979,2975,2978,2984,2989
968,2991,2991,2990,2989,2987,2985,2984,2984,2984,2984,2984,2983,2982,2982
969,2982,2981,2976,2974,2976,2980,2983,2985,2986,2986,2986,2985,2984,2984
970,2984,2983,2983,2983,2983,2983,2983,2983,2983,2983,2983,2982,2981,2981
971,2981,2982,2983,2983,2982,2982,2982,2982,2981,2981,2981,2982,2983,2983
972,2983,2983,2983,2983,2983,2983,2982,2982,2982,2982,2982,2982,2982,2982
973,2982,2982,2982,2982,2982,2982,2982,2982,2982,2982,2982,2982,2982,2982
974,2982,2982,2982,2982,2982,2982,2982,2982,2982,2982,2982,2982,2982,2982
975,2982,2982,2982,2982,2982,2981,2981,2982,2982,2982,2982,2982,2982,2982
976,2982,2981,2981,2981,2981,2982,2982,2983,2983,2983,2982,2982,2981,2981
977,2981,2981,2982,2983,2983,2983,2983,2983,2983,2983,2983,2983,2982,2981
978,2981,2981,2981,2981,2981,2981,2981,2981,2981,2981,2982,2982,2982,2982
